Workbook
Name Slicer_Dept: #N/A

Sheet Raw_Data
A1: ID | B1: Name | C1: Dept | D1: Math | E1: English | F1: Programming | G1: Database
A2: S001 | B2: Hessa | C2: CS | D2: 81 | E2: 76 | F2: 99 | G2: 86
A3: S002 | B3: Reem | C3: CS | D3: 78 | E3: 91 | F3: 82 | G3: 64
A4: S003 | B4: Alya | C4: IT | D4: 71 | E4: 79 | F4: 95 | G4: 97
A5: S004 | B5: Amal | C5: CS | D5: 72 | E5: 80 | F5: 93 | G5: 61
A6: S005 | B6: Alya | C6: SE | D6: 66 | E6: 61 | F6: 67 | G6: 62
A7: S006 | B7: Hala | C7: CS | D7: 94 | E7: 87 | F7: 65 | G7: 81
A8: S007 | B8: Lina | C8: IT | D8: 81 | E8: 66 | F8: 64 | G8: 64
A9: S008 | B9: Yara | C9: IT | D9: 87 | E9: 85 | F9: 87 | G9: 88
A10: S009 | B10: Lina | C10: IT | D10: 92 | E10: 68 | F10: 76 | G10: 84
A11: S010 | B11: Hind | C11: SE | D11: 74 | E11: 73 | F11: 79 | G11: 80
A12: S011 | B12: Yara | C12: CS | D12: 61 | E12: 75 | F12: 62 | G12: 67
A13: S012 | B13: Afnan | C13: IT | D13: 83 | E13: 69 | F13: 71 | G13: 84
... A51: S050 | B51: Yara | C51: SE | D51: 66 | E51: 93 | F51: 63 | G51: 68

Sheet Clean_Data
A1: Name | B1: Total | C1: Average | D1: Grade | E1: Dept
A2: =Raw_Data!B2 -> Hessa | B2: =SUM(Raw_Data!D2:G2) -> 342 | C2: =AVERAGE(Raw_Data!D2:G2) -> 85.5 | D2: =IF(C2>=90,"Excellent",IF(C2>=80,"Very Good",IF(C2>=70,"Good",IF(C2>=60,"Pass","Fail")))) -> Very Good | E2: =Raw_Data!C2 -> CS
A3: =Raw_Data!B3 -> Reem | B3: =SUM(Raw_Data!D3:G3) -> 315 | C3: =AVERAGE(Raw_Data!D3:G3) -> 78.75 | D3: =IF(C3>=90,"Excellent",IF(C3>=80,"Very Good",IF(C3>=70,"Good",IF(C3>=60,"Pass","Fail")))) -> Good | E3: =Raw_Data!C3 -> CS
A4: =Raw_Data!B4 -> Alya | B4: =SUM(Raw_Data!D4:G4) -> 342 | C4: =AVERAGE(Raw_Data!D4:G4) -> 85.5 | D4: =IF(C4>=90,"Excellent",IF(C4>=80,"Very Good",IF(C4>=70,"Good",IF(C4>=60,"Pass","Fail")))) -> Very Good | E4: =Raw_Data!C4 -> IT
A5: =Raw_Data!B5 -> Amal | B5: =SUM(Raw_Data!D5:G5) -> 306 | C5: =AVERAGE(Raw_Data!D5:G5) -> 76.5 | D5: =IF(C5>=90,"Excellent",IF(C5>=80,"Very Good",IF(C5>=70,"Good",IF(C5>=60,"Pass","Fail")))) -> Good | E5: =Raw_Data!C5 -> CS
A6: =Raw_Data!B6 -> Alya | B6: =SUM(Raw_Data!D6:G6) -> 256 | C6: =AVERAGE(Raw_Data!D6:G6) -> 64 | D6: =IF(C6>=90,"Excellent",IF(C6>=80,"Very Good",IF(C6>=70,"Good",IF(C6>=60,"Pass","Fail")))) -> Pass | E6: =Raw_Data!C6 -> SE
A7: =Raw_Data!B7 -> Hala | B7: =SUM(Raw_Data!D7:G7) -> 327 | C7: =AVERAGE(Raw_Data!D7:G7) -> 81.75 | D7: =IF(C7>=90,"Excellent",IF(C7>=80,"Very Good",IF(C7>=70,"Good",IF(C7>=60,"Pass","Fail")))) -> Very Good | E7: =Raw_Data!C7 -> CS
A8: =Raw_Data!B8 -> Lina | B8: =SUM(Raw_Data!D8:G8) -> 275 | C8: =AVERAGE(Raw_Data!D8:G8) -> 68.75 | D8: =IF(C8>=90,"Excellent",IF(C8>=80,"Very Good",IF(C8>=70,"Good",IF(C8>=60,"Pass","Fail")))) -> Pass | E8: =Raw_Data!C8 -> IT
A9: =Raw_Data!B9 -> Yara | B9: =SUM(Raw_Data!D9:G9) -> 347 | C9: =AVERAGE(Raw_Data!D9:G9) -> 86.75 | D9: =IF(C9>=90,"Excellent",IF(C9>=80,"Very Good",IF(C9>=70,"Good",IF(C9>=60,"Pass","Fail")))) -> Very Good | E9: =Raw_Data!C9 -> IT
A10: =Raw_Data!B10 -> Lina | B10: =SUM(Raw_Data!D10:G10) -> 320 | C10: =AVERAGE(Raw_Data!D10:G10) -> 80 | D10: =IF(C10>=90,"Excellent",IF(C10>=80,"Very Good",IF(C10>=70,"Good",IF(C10>=60,"Pass","Fail")))) -> Very Good | E10: =Raw_Data!C10 -> IT
A11: =Raw_Data!B11 -> Hind | B11: =SUM(Raw_Data!D11:G11) -> 306 | C11: =AVERAGE(Raw_Data!D11:G11) -> 76.5 | D11: =IF(C11>=90,"Excellent",IF(C11>=80,"Very Good",IF(C11>=70,"Good",IF(C11>=60,"Pass","Fail")))) -> Good | E11: =Raw_Data!C11 -> SE
A12: =Raw_Data!B12 -> Yara | B12: =SUM(Raw_Data!D12:G12) -> 265 | C12: =AVERAGE(Raw_Data!D12:G12) -> 66.25 | D12: =IF(C12>=90,"Excellent",IF(C12>=80,"Very Good",IF(C12>=70,"Good",IF(C12>=60,"Pass","Fail")))) -> Pass | E12: =Raw_Data!C12 -> CS
A13: =Raw_Data!B13 -> Afnan | B13: =SUM(Raw_Data!D13:G13) -> 307 | C13: =AVERAGE(Raw_Data!D13:G13) -> 76.75 | D13: =IF(C13>=90,"Excellent",IF(C13>=80,"Very Good",IF(C13>=70,"Good",IF(C13>=60,"Pass","Fail")))) -> Good | E13: =Raw_Data!C13 -> IT
... A51: =Raw_Data!B51 -> Yara | B51: =SUM(Raw_Data!D51:G51) -> 290 | C51: =AVERAGE(Raw_Data!D51:G51) -> 72.5 | D51: =IF(C51>=90,"Excellent",IF(C51>=80,"Very Good",IF(C51>=70,"Good",IF(C51>=60,"Pass","Fail")))) -> Good | E51: =Raw_Data!C51 -> SE

Sheet Dashboard
N42: ss
